file_id,path,first_seen,last_seen,commit_count,touches,bus_factor,sensitivity_score,sensitivity_tags
.github/workflows/sccp_mcp.yml,.github/workflows/sccp_mcp.yml,2026-02-17T13:35:34+04:00,2026-02-17T13:35:34+04:00,1,1,1,0.00,
.github/workflows/static_analysis.yml,.github/workflows/static_analysis.yml,2024-10-17T17:50:16+04:00,2025-10-22T01:12:55+04:00,4,4,3,0.00,
.gitignore,.gitignore,2025-10-22T01:12:55+04:00,2026-02-16T09:57:29+04:00,2,2,2,0.00,
BRIDGE.md,BRIDGE.md,2025-10-22T01:12:55+04:00,2025-10-22T01:12:55+04:00,1,1,1,0.00,
Cargo.lock,Cargo.lock,2024-08-23T21:52:12+07:00,2026-02-16T09:57:29+04:00,34,34,7,0.00,
Cargo.toml,Cargo.toml,2024-09-17T21:38:14-03:00,2025-09-13T21:53:13+07:00,4,4,4,0.00,
Jenkinsfile,Jenkinsfile,2024-08-26T09:47:39+03:00,2024-08-26T09:47:39+03:00,1,1,1,0.00,
Jenkinsfile-env,Jenkinsfile-env,2024-08-26T09:47:39+03:00,2024-08-26T09:47:39+03:00,1,1,1,0.00,
common/Cargo.toml,common/Cargo.toml,2024-12-05T09:09:26+03:00,2025-09-13T21:53:13+07:00,3,3,3,0.00,
common/src/arithmetic/bounds.rs,common/src/arithmetic/bounds.rs,2025-02-14T18:55:07+03:00,2025-02-14T18:55:07+03:00,1,1,1,0.00,
common/src/arithmetic/checked.rs,common/src/arithmetic/checked.rs,2025-02-14T18:55:07+03:00,2025-02-14T18:55:07+03:00,1,1,1,0.00,
common/src/arithmetic/helpers_256bit.rs,common/src/arithmetic/helpers_256bit.rs,2025-02-14T18:55:07+03:00,2025-02-14T18:55:07+03:00,1,1,1,0.00,
common/src/arithmetic/identities.rs,common/src/arithmetic/identities.rs,2025-02-14T18:55:07+03:00,2025-02-14T18:55:07+03:00,1,1,1,0.00,
common/src/arithmetic/mod.rs,common/src/arithmetic/mod.rs,2025-02-14T18:55:07+03:00,2025-02-14T18:55:07+03:00,1,1,1,0.00,
common/src/arithmetic/saturating.rs,common/src/arithmetic/saturating.rs,2025-02-14T18:55:07+03:00,2025-02-14T18:55:07+03:00,1,1,1,0.00,
common/src/arithmetic/sp_saturating.rs,common/src/arithmetic/sp_saturating.rs,2025-02-14T18:55:07+03:00,2025-02-14T18:55:07+03:00,1,1,1,0.00,
common/src/fixed.rs,common/src/fixed.rs,2025-02-14T18:55:07+03:00,2025-03-11T15:19:01+03:00,2,2,1,0.00,
common/src/fixed_wrapper_u256.rs,common/src/fixed_wrapper_u256.rs,2025-02-14T18:55:07+03:00,2025-03-11T15:19:01+03:00,2,2,1,0.00,
common/src/lib.rs,common/src/lib.rs,2025-02-14T18:55:07+03:00,2025-03-11T15:19:01+03:00,2,2,1,0.00,
common/src/macros.rs,common/src/macros.rs,2025-03-11T15:19:01+03:00,2025-03-11T15:19:01+03:00,1,1,1,0.00,
common/src/mock.rs,common/src/mock.rs,2024-09-25T20:23:24+07:00,2026-02-15T13:30:13+04:00,16,16,5,0.00,
common/src/outcome_fee.rs,common/src/outcome_fee.rs,2024-10-08T22:20:55+03:00,2024-10-08T22:20:55+03:00,1,1,1,0.00,
common/src/primitives.rs,common/src/primitives.rs,2024-09-06T16:21:41+03:00,2025-01-23T12:10:57+03:00,10,10,3,0.00,
common/src/traits.rs,common/src/traits.rs,2024-12-09T17:45:48+03:00,2025-03-26T22:03:34+03:00,4,4,2,0.00,
common/src/weights.rs,common/src/weights.rs,2024-11-19T11:36:55+07:00,2024-11-19T11:36:55+07:00,1,1,1,0.00,
docs/sccp/BSC_LIGHT_CLIENT.md,docs/sccp/BSC_LIGHT_CLIENT.md,2026-02-15T13:30:13+04:00,2026-02-15T13:30:13+04:00,1,1,1,0.00,
docs/sccp/EVM_ANCHOR_MODE.md,docs/sccp/EVM_ANCHOR_MODE.md,2026-02-15T13:30:13+04:00,2026-02-15T13:30:13+04:00,1,1,1,0.00,
docs/sccp/FINALITY.md,docs/sccp/FINALITY.md,2026-02-15T13:30:13+04:00,2026-02-15T13:30:13+04:00,1,1,1,0.00,
docs/sccp/HUB.md,docs/sccp/HUB.md,2026-02-15T13:30:13+04:00,2026-02-15T13:30:13+04:00,1,1,1,0.00,
docs/sccp/INBOUND_TOOLING.md,docs/sccp/INBOUND_TOOLING.md,2026-02-15T13:30:13+04:00,2026-02-15T13:30:13+04:00,1,1,1,0.00,
docs/sccp/PROOF_TOOLING.md,docs/sccp/PROOF_TOOLING.md,2026-02-15T13:30:13+04:00,2026-02-15T13:30:13+04:00,1,1,1,0.00,
docs/sccp/README.md,docs/sccp/README.md,2026-02-15T13:30:13+04:00,2026-02-17T13:35:34+04:00,3,3,1,0.00,
docs/sccp/TRON_LIGHT_CLIENT.md,docs/sccp/TRON_LIGHT_CLIENT.md,2026-02-15T13:30:13+04:00,2026-02-15T13:30:13+04:00,1,1,1,0.00,
generate_chain_specs.sh,generate_chain_specs.sh,2024-10-22T00:28:06+07:00,2024-10-22T00:28:06+07:00,1,1,1,0.00,
housekeeping/docker/env/Dockerfile,housekeeping/docker/env/Dockerfile,2024-08-28T09:49:56+03:00,2024-08-28T09:49:56+03:00,1,1,1,0.00,
misc/runtime_upgrade/generate_preimage.py,misc/runtime_upgrade/generate_preimage.py,2026-02-15T13:30:13+04:00,2026-02-15T13:30:13+04:00,1,1,1,0.00,
misc/runtime_upgrade/main.py,misc/runtime_upgrade/main.py,2024-09-28T00:48:31+04:00,2024-09-28T00:48:31+04:00,1,1,1,0.00,
misc/sccp-mcp/.gitignore,misc/sccp-mcp/.gitignore,2026-02-17T13:35:34+04:00,2026-02-17T13:35:34+04:00,1,1,1,0.00,
misc/sccp-mcp/Cargo.lock,misc/sccp-mcp/Cargo.lock,2026-02-17T13:35:34+04:00,2026-02-17T13:35:34+04:00,1,1,1,0.00,
misc/sccp-mcp/Cargo.toml,misc/sccp-mcp/Cargo.toml,2026-02-17T13:35:34+04:00,2026-02-17T13:35:34+04:00,1,1,1,0.00,
misc/sccp-mcp/README.md,misc/sccp-mcp/README.md,2026-02-17T13:35:34+04:00,2026-02-17T13:35:34+04:00,1,1,1,0.00,
misc/sccp-mcp/config.example.toml,misc/sccp-mcp/config.example.toml,2026-02-17T13:35:34+04:00,2026-02-17T13:35:34+04:00,1,1,1,0.00,
misc/sccp-mcp/scripts/package-lock.json,misc/sccp-mcp/scripts/package-lock.json,2026-02-17T13:35:34+04:00,2026-02-17T13:35:34+04:00,1,1,1,0.00,
misc/sccp-mcp/scripts/package.json,misc/sccp-mcp/scripts/package.json,2026-02-17T13:35:34+04:00,2026-02-17T13:35:34+04:00,1,1,1,0.00,
misc/sccp-mcp/scripts/run_sora_dev_integration.sh,misc/sccp-mcp/scripts/run_sora_dev_integration.sh,2026-02-17T13:35:34+04:00,2026-02-17T13:35:34+04:00,1,1,1,0.00,
misc/sccp-mcp/scripts/smoke_stdio.sh,misc/sccp-mcp/scripts/smoke_stdio.sh,2026-02-17T13:35:34+04:00,2026-02-17T13:35:34+04:00,1,1,1,0.00,
misc/sccp-mcp/scripts/sora_dev_integration.js,misc/sccp-mcp/scripts/sora_dev_integration.js,2026-02-17T13:35:34+04:00,2026-02-17T13:35:34+04:00,1,1,1,0.00,
misc/sccp-mcp/src/config.rs,misc/sccp-mcp/src/config.rs,2026-02-17T13:35:34+04:00,2026-02-17T13:35:34+04:00,1,1,1,0.00,
misc/sccp-mcp/src/error.rs,misc/sccp-mcp/src/error.rs,2026-02-17T13:35:34+04:00,2026-02-17T13:35:34+04:00,1,1,1,0.00,
misc/sccp-mcp/src/main.rs,misc/sccp-mcp/src/main.rs,2026-02-17T13:35:34+04:00,2026-02-17T13:35:34+04:00,1,1,1,0.00,
misc/sccp-mcp/src/mcp.rs,misc/sccp-mcp/src/mcp.rs,2026-02-17T13:35:34+04:00,2026-02-17T13:35:34+04:00,1,1,1,0.00,
misc/sccp-mcp/src/payload.rs,misc/sccp-mcp/src/payload.rs,2026-02-17T13:35:34+04:00,2026-02-17T13:35:34+04:00,1,1,1,0.00,
misc/sccp-mcp/src/rpc_client.rs,misc/sccp-mcp/src/rpc_client.rs,2026-02-17T13:35:34+04:00,2026-02-17T13:35:34+04:00,1,1,1,0.00,
misc/sccp-mcp/src/sora_calls.rs,misc/sccp-mcp/src/sora_calls.rs,2026-02-17T13:35:34+04:00,2026-02-17T13:35:34+04:00,1,1,1,0.00,
misc/sccp-mcp/src/substrate_storage.rs,misc/sccp-mcp/src/substrate_storage.rs,2026-02-17T13:35:34+04:00,2026-02-17T13:35:34+04:00,1,1,1,0.00,
misc/sccp-mcp/src/tools.rs,misc/sccp-mcp/src/tools.rs,2026-02-17T13:35:34+04:00,2026-02-17T13:35:34+04:00,1,1,1,0.00,
misc/sccp/run_all_tests.sh,misc/sccp/run_all_tests.sh,2026-02-15T13:30:13+04:00,2026-02-16T09:57:29+04:00,2,2,1,0.00,
misc/sccp/stress_sccp_sol_program.sh,misc/sccp/stress_sccp_sol_program.sh,2026-02-16T09:57:29+04:00,2026-02-16T09:57:29+04:00,1,1,1,0.00,
node/Cargo.toml,node/Cargo.toml,2024-08-23T21:52:12+07:00,2026-02-12T15:01:52+04:00,22,22,5,0.00,
node/chain_spec/Cargo.toml,node/chain_spec/Cargo.toml,2024-08-23T21:52:12+07:00,2026-02-12T15:01:52+04:00,21,21,4,0.00,
node/chain_spec/src/bytes/chain_spec_bridge_staging.json,node/chain_spec/src/bytes/chain_spec_bridge_staging.json,2026-02-12T15:01:52+04:00,2026-02-12T15:01:52+04:00,1,1,1,0.00,
node/chain_spec/src/bytes/chain_spec_main.json,node/chain_spec/src/bytes/chain_spec_main.json,2026-02-12T15:01:52+04:00,2026-02-12T15:01:52+04:00,1,1,1,0.00,
node/chain_spec/src/bytes/chain_spec_test.json,node/chain_spec/src/bytes/chain_spec_test.json,2024-10-22T00:28:06+07:00,2026-02-12T15:01:52+04:00,2,2,2,0.00,
node/chain_spec/src/lib.rs,node/chain_spec/src/lib.rs,2024-08-22T13:29:16+03:00,2026-02-15T13:30:13+04:00,14,14,5,0.00,
node/src/data_feed_metrics.rs,node/src/data_feed_metrics.rs,2024-12-06T04:59:15+07:00,2024-12-06T04:59:15+07:00,1,1,1,0.00,
node/src/service.rs,node/src/service.rs,2026-02-12T15:01:52+04:00,2026-02-12T15:01:52+04:00,1,1,1,0.00,
pallets/apollo-platform/Cargo.toml,pallets/apollo-platform/Cargo.toml,2025-09-13T21:53:13+07:00,2025-09-13T21:53:13+07:00,1,1,1,0.00,
pallets/apollo-platform/src/benchmarking.rs,pallets/apollo-platform/src/benchmarking.rs,2024-09-19T17:52:05+07:00,2025-01-24T21:31:00+01:00,3,3,2,0.00,
pallets/apollo-platform/src/lib.rs,pallets/apollo-platform/src/lib.rs,2024-08-27T14:15:49+02:00,2025-02-20T14:59:49+01:00,4,4,1,0.00,
pallets/apollo-platform/src/migrations.rs,pallets/apollo-platform/src/migrations.rs,2025-01-24T21:31:00+01:00,2025-01-28T16:48:40+07:00,2,2,2,0.00,
pallets/apollo-platform/src/mock.rs,pallets/apollo-platform/src/mock.rs,2024-09-30T07:05:28+03:00,2025-01-24T21:31:00+01:00,7,7,5,0.00,
pallets/apollo-platform/src/tests.rs,pallets/apollo-platform/src/tests.rs,2025-01-24T21:31:00+01:00,2025-02-20T14:59:49+01:00,2,2,1,0.00,
pallets/apollo-platform/src/weights.rs,pallets/apollo-platform/src/weights.rs,2024-08-23T16:29:22+03:00,2025-02-19T10:18:26+03:00,7,7,2,0.00,
pallets/assets/Cargo.toml,pallets/assets/Cargo.toml,2025-09-13T21:53:13+07:00,2025-09-13T21:53:13+07:00,1,1,1,0.00,
pallets/assets/src/lib.rs,pallets/assets/src/lib.rs,2025-01-23T12:10:57+03:00,2025-01-23T12:10:57+03:00,1,1,1,0.00,
pallets/assets/src/mock.rs,pallets/assets/src/mock.rs,2024-10-29T13:42:14+04:00,2024-11-11T12:06:45+04:00,3,3,1,0.00,
pallets/assets/src/weights.rs,pallets/assets/src/weights.rs,2024-08-23T16:29:22+03:00,2025-02-19T10:18:26+03:00,6,6,1,0.00,
pallets/band/src/migrations.rs,pallets/band/src/migrations.rs,2024-11-11T12:06:45+04:00,2024-11-11T12:06:45+04:00,1,1,1,0.00,
pallets/band/src/mock.rs,pallets/band/src/mock.rs,2024-10-29T13:42:14+04:00,2024-11-11T12:06:45+04:00,3,3,1,0.00,
pallets/band/src/tests.rs,pallets/band/src/tests.rs,2024-11-11T12:06:45+04:00,2024-11-11T12:06:45+04:00,1,1,1,0.00,
pallets/band/src/weights.rs,pallets/band/src/weights.rs,2024-08-23T16:29:22+03:00,2025-02-19T10:18:26+03:00,6,6,1,0.00,
pallets/bridge-proxy/Cargo.toml,pallets/bridge-proxy/Cargo.toml,2025-09-13T21:53:13+07:00,2026-02-15T13:30:13+04:00,2,2,2,0.00,
pallets/bridge-proxy/src/lib.rs,pallets/bridge-proxy/src/lib.rs,2024-11-05T19:15:51+07:00,2026-02-15T13:30:13+04:00,3,3,3,0.00,
pallets/bridge-proxy/src/mock.rs,pallets/bridge-proxy/src/mock.rs,2024-10-29T13:42:14+04:00,2026-02-15T13:30:13+04:00,5,5,3,0.00,
pallets/bridge-proxy/src/test.rs,pallets/bridge-proxy/src/test.rs,2026-02-15T13:30:13+04:00,2026-02-15T13:30:13+04:00,1,1,1,0.00,
pallets/ceres-governance-platform/Cargo.toml,pallets/ceres-governance-platform/Cargo.toml,2025-09-13T21:53:13+07:00,2025-09-13T21:53:13+07:00,1,1,1,0.00,
pallets/ceres-governance-platform/src/mock.rs,pallets/ceres-governance-platform/src/mock.rs,2024-10-16T21:31:30+08:00,2025-01-23T12:10:57+03:00,5,5,3,0.00,
pallets/ceres-governance-platform/src/weights.rs,pallets/ceres-governance-platform/src/weights.rs,2024-08-23T16:29:22+03:00,2025-02-19T10:18:26+03:00,6,6,1,0.00,
pallets/ceres-launchpad/Cargo.toml,pallets/ceres-launchpad/Cargo.toml,2025-09-13T21:53:13+07:00,2025-09-13T21:53:13+07:00,1,1,1,0.00,
pallets/ceres-launchpad/src/mock.rs,pallets/ceres-launchpad/src/mock.rs,2024-09-30T07:05:28+03:00,2025-01-23T12:10:57+03:00,7,7,4,0.00,
pallets/ceres-launchpad/src/weights.rs,pallets/ceres-launchpad/src/weights.rs,2024-08-23T16:29:22+03:00,2025-02-19T10:18:26+03:00,6,6,1,0.00,
pallets/ceres-liquidity-locker/Cargo.toml,pallets/ceres-liquidity-locker/Cargo.toml,2025-09-13T21:53:13+07:00,2025-09-13T21:53:13+07:00,1,1,1,0.00,
pallets/ceres-liquidity-locker/benchmarking/Cargo.toml,pallets/ceres-liquidity-locker/benchmarking/Cargo.toml,2025-09-13T21:53:13+07:00,2025-09-13T21:53:13+07:00,1,1,1,0.00,
pallets/ceres-liquidity-locker/benchmarking/src/mock.rs,pallets/ceres-liquidity-locker/benchmarking/src/mock.rs,2024-10-16T21:31:30+08:00,2024-11-11T12:06:45+04:00,4,4,2,0.00,
pallets/ceres-liquidity-locker/src/lib.rs,pallets/ceres-liquidity-locker/src/lib.rs,2025-03-26T22:03:34+03:00,2025-03-26T22:03:34+03:00,1,1,1,0.00,
pallets/ceres-liquidity-locker/src/mock.rs,pallets/ceres-liquidity-locker/src/mock.rs,2024-10-16T21:31:30+08:00,2024-11-11T12:06:45+04:00,4,4,2,0.00,
pallets/ceres-liquidity-locker/src/weights.rs,pallets/ceres-liquidity-locker/src/weights.rs,2024-08-23T16:29:22+03:00,2025-02-19T10:18:26+03:00,6,6,1,0.00,
pallets/ceres-staking/Cargo.toml,pallets/ceres-staking/Cargo.toml,2025-09-13T21:53:13+07:00,2025-09-13T21:53:13+07:00,1,1,1,0.00,
pallets/ceres-staking/src/mock.rs,pallets/ceres-staking/src/mock.rs,2024-10-29T13:42:14+04:00,2025-01-23T12:10:57+03:00,4,4,2,0.00,
pallets/ceres-staking/src/weights.rs,pallets/ceres-staking/src/weights.rs,2024-08-23T16:29:22+03:00,2025-02-19T10:18:26+03:00,6,6,1,0.00,
pallets/ceres-token-locker/Cargo.toml,pallets/ceres-token-locker/Cargo.toml,2025-09-13T21:53:13+07:00,2025-09-13T21:53:13+07:00,1,1,1,0.00,
pallets/ceres-token-locker/src/lib.rs,pallets/ceres-token-locker/src/lib.rs,2025-03-26T22:03:34+03:00,2025-03-26T22:03:34+03:00,1,1,1,0.00,
pallets/ceres-token-locker/src/mock.rs,pallets/ceres-token-locker/src/mock.rs,2024-10-16T21:31:30+08:00,2025-01-23T12:10:57+03:00,5,5,3,0.00,
pallets/ceres-token-locker/src/weights.rs,pallets/ceres-token-locker/src/weights.rs,2024-08-23T16:29:22+03:00,2025-02-19T10:18:26+03:00,6,6,1,0.00,
pallets/demeter-farming-platform/Cargo.toml,pallets/demeter-farming-platform/Cargo.toml,2025-09-13T21:53:13+07:00,2025-09-13T21:53:13+07:00,1,1,1,0.00,
pallets/demeter-farming-platform/benchmarking/Cargo.toml,pallets/demeter-farming-platform/benchmarking/Cargo.toml,2025-09-13T21:53:13+07:00,2025-09-13T21:53:13+07:00,1,1,1,0.00,
pallets/demeter-farming-platform/benchmarking/src/lib.rs,pallets/demeter-farming-platform/benchmarking/src/lib.rs,2024-12-20T13:00:34+03:00,2024-12-20T13:00:34+03:00,1,1,1,0.00,
pallets/demeter-farming-platform/benchmarking/src/mock.rs,pallets/demeter-farming-platform/benchmarking/src/mock.rs,2024-09-30T07:05:28+03:00,2024-11-11T12:06:45+04:00,5,5,3,0.00,
pallets/demeter-farming-platform/src/lib.rs,pallets/demeter-farming-platform/src/lib.rs,2024-11-20T15:31:41+01:00,2025-10-14T10:48:16+02:00,3,3,2,0.00,
pallets/demeter-farming-platform/src/mock.rs,pallets/demeter-farming-platform/src/mock.rs,2024-09-30T07:05:28+03:00,2024-11-11T12:06:45+04:00,5,5,3,0.00,
pallets/demeter-farming-platform/src/tests.rs,pallets/demeter-farming-platform/src/tests.rs,2024-11-20T15:31:41+01:00,2025-10-14T10:48:16+02:00,2,2,1,0.00,
pallets/demeter-farming-platform/src/weights.rs,pallets/demeter-farming-platform/src/weights.rs,2024-08-23T16:29:22+03:00,2025-02-19T10:18:26+03:00,7,7,2,0.00,
pallets/denomination/Cargo.toml,pallets/denomination/Cargo.toml,2025-03-26T22:03:34+03:00,2025-09-13T21:53:13+07:00,2,2,2,0.00,
pallets/denomination/src/lib.rs,pallets/denomination/src/lib.rs,2025-03-26T22:03:34+03:00,2025-09-13T21:53:13+07:00,2,2,2,0.00,
pallets/dex-api/Cargo.toml,pallets/dex-api/Cargo.toml,2025-09-13T21:53:13+07:00,2025-09-13T21:53:13+07:00,1,1,1,0.00,
pallets/dex-api/src/mock.rs,pallets/dex-api/src/mock.rs,2024-10-16T21:31:30+08:00,2024-11-11T12:06:45+04:00,4,4,2,0.00,
pallets/dex-api/src/weights.rs,pallets/dex-api/src/weights.rs,2024-08-23T16:29:22+03:00,2025-02-19T10:18:26+03:00,6,6,1,0.00,
pallets/dex-manager/Cargo.toml,pallets/dex-manager/Cargo.toml,2024-09-17T12:38:02+03:00,2025-09-13T21:53:13+07:00,2,2,2,0.00,
pallets/dex-manager/src/migrations/kusd_dex.rs,pallets/dex-manager/src/migrations/kusd_dex.rs,2024-08-23T21:52:12+07:00,2024-08-23T21:52:12+07:00,1,1,1,0.00,
pallets/dex-manager/src/migrations/mod.rs,pallets/dex-manager/src/migrations/mod.rs,2024-08-23T21:52:12+07:00,2024-10-08T22:20:55+03:00,2,2,2,0.00,
pallets/dex-manager/src/migrations/vxor_dex.rs,pallets/dex-manager/src/migrations/vxor_dex.rs,2024-10-08T22:20:55+03:00,2024-10-08T22:20:55+03:00,1,1,1,0.00,
pallets/dex-manager/src/mock.rs,pallets/dex-manager/src/mock.rs,2024-10-29T13:42:14+04:00,2024-11-11T12:06:45+04:00,3,3,1,0.00,
pallets/eth-bridge/Cargo.toml,pallets/eth-bridge/Cargo.toml,2025-09-13T21:53:13+07:00,2026-02-15T13:30:13+04:00,2,2,2,0.00,
pallets/eth-bridge/src/lib.rs,pallets/eth-bridge/src/lib.rs,2024-11-05T19:15:51+07:00,2026-02-15T13:30:13+04:00,4,4,4,0.00,
pallets/eth-bridge/src/macros.rs,pallets/eth-bridge/src/macros.rs,2025-10-22T01:12:55+04:00,2025-10-22T01:12:55+04:00,1,1,1,0.00,
pallets/eth-bridge/src/offchain/handle.rs,pallets/eth-bridge/src/offchain/handle.rs,2026-02-15T13:30:13+04:00,2026-02-15T13:30:13+04:00,1,1,1,0.00,
pallets/eth-bridge/src/offchain/http.rs,pallets/eth-bridge/src/offchain/http.rs,2026-02-15T13:30:13+04:00,2026-02-15T13:30:13+04:00,1,1,1,0.00,
pallets/eth-bridge/src/offchain/mod.rs,pallets/eth-bridge/src/offchain/mod.rs,2025-03-26T22:03:34+03:00,2026-02-15T13:30:13+04:00,2,2,2,0.00,
pallets/eth-bridge/src/offchain/transaction.rs,pallets/eth-bridge/src/offchain/transaction.rs,2026-02-15T13:30:13+04:00,2026-02-15T13:30:13+04:00,1,1,1,0.00,
pallets/eth-bridge/src/requests/incoming.rs,pallets/eth-bridge/src/requests/incoming.rs,2025-10-22T01:12:55+04:00,2026-02-15T13:30:13+04:00,2,2,2,0.00,
pallets/eth-bridge/src/requests/mod.rs,pallets/eth-bridge/src/requests/mod.rs,2025-03-26T22:03:34+03:00,2026-02-15T13:30:13+04:00,2,2,2,0.00,
pallets/eth-bridge/src/requests/outgoing.rs,pallets/eth-bridge/src/requests/outgoing.rs,2025-03-26T22:03:34+03:00,2026-02-15T13:30:13+04:00,2,2,2,0.00,
pallets/eth-bridge/src/rpc.rs,pallets/eth-bridge/src/rpc.rs,2026-02-15T13:30:13+04:00,2026-02-15T13:30:13+04:00,1,1,1,0.00,
pallets/eth-bridge/src/tests/asset.rs,pallets/eth-bridge/src/tests/asset.rs,2025-03-26T22:03:34+03:00,2026-02-15T13:30:13+04:00,2,2,2,0.00,
pallets/eth-bridge/src/tests/cancel.rs,pallets/eth-bridge/src/tests/cancel.rs,2026-02-15T13:30:13+04:00,2026-02-15T13:30:13+04:00,1,1,1,0.00,
pallets/eth-bridge/src/tests/incoming_transfer.rs,pallets/eth-bridge/src/tests/incoming_transfer.rs,2025-03-26T22:03:34+03:00,2026-02-15T13:30:13+04:00,3,3,3,0.00,
pallets/eth-bridge/src/tests/mock.rs,pallets/eth-bridge/src/tests/mock.rs,2024-10-29T13:42:14+04:00,2026-02-15T13:30:13+04:00,7,7,5,0.00,
pallets/eth-bridge/src/tests/mod.rs,pallets/eth-bridge/src/tests/mod.rs,2025-10-22T01:12:55+04:00,2026-02-15T13:30:13+04:00,2,2,2,0.00,
pallets/eth-bridge/src/tests/ocw.rs,pallets/eth-bridge/src/tests/ocw.rs,2026-02-15T13:30:13+04:00,2026-02-15T13:30:13+04:00,1,1,1,0.00,
pallets/eth-bridge/src/tests/outgoing_tranfser.rs,pallets/eth-bridge/src/tests/outgoing_tranfser.rs,2025-10-22T01:12:55+04:00,2026-02-15T13:30:13+04:00,2,2,2,0.00,
pallets/eth-bridge/src/tests/peer.rs,pallets/eth-bridge/src/tests/peer.rs,2026-02-15T13:30:13+04:00,2026-02-15T13:30:13+04:00,1,1,1,0.00,
pallets/eth-bridge/src/tests/rpc.rs,pallets/eth-bridge/src/tests/rpc.rs,2026-02-15T13:30:13+04:00,2026-02-15T13:30:13+04:00,1,1,1,0.00,
pallets/eth-bridge/src/types/transaction.rs,pallets/eth-bridge/src/types/transaction.rs,2026-02-15T13:30:13+04:00,2026-02-15T13:30:13+04:00,1,1,1,0.00,
pallets/eth-bridge/src/util.rs,pallets/eth-bridge/src/util.rs,2025-03-26T22:03:34+03:00,2026-02-15T13:30:13+04:00,2,2,2,0.00,
pallets/extended-assets/Cargo.toml,pallets/extended-assets/Cargo.toml,2025-01-23T12:10:57+03:00,2025-09-13T21:53:13+07:00,2,2,2,0.00,
pallets/extended-assets/src/lib.rs,pallets/extended-assets/src/lib.rs,2025-01-23T12:10:57+03:00,2025-01-23T12:10:57+03:00,1,1,1,0.00,
pallets/extended-assets/src/mock.rs,pallets/extended-assets/src/mock.rs,2024-10-29T13:42:14+04:00,2024-11-11T12:06:45+04:00,3,3,1,0.00,
pallets/extended-assets/src/tests.rs,pallets/extended-assets/src/tests.rs,2024-10-29T13:42:14+04:00,2024-10-29T13:42:14+04:00,1,1,1,0.00,
pallets/extended-assets/src/weights.rs,pallets/extended-assets/src/weights.rs,2024-08-23T16:29:22+03:00,2025-02-19T10:18:26+03:00,6,6,1,0.00,
pallets/farming/Cargo.toml,pallets/farming/Cargo.toml,2025-09-13T21:53:13+07:00,2025-09-13T21:53:13+07:00,1,1,1,0.00,
pallets/farming/src/mock.rs,pallets/farming/src/mock.rs,2024-09-30T07:05:28+03:00,2025-01-23T12:10:57+03:00,6,6,4,0.00,
pallets/farming/src/weights.rs,pallets/farming/src/weights.rs,2024-08-23T16:29:22+03:00,2025-02-19T10:18:26+03:00,6,6,1,0.00,
pallets/faucet/Cargo.toml,pallets/faucet/Cargo.toml,2025-09-13T21:53:13+07:00,2025-09-13T21:53:13+07:00,1,1,1,0.00,
pallets/faucet/src/mock.rs,pallets/faucet/src/mock.rs,2024-10-29T13:42:14+04:00,2025-01-23T12:10:57+03:00,4,4,2,0.00,
pallets/faucet/src/weights.rs,pallets/faucet/src/weights.rs,2024-08-23T16:29:22+03:00,2025-02-19T10:18:26+03:00,6,6,1,0.00,
pallets/hermes-governance-platform/Cargo.toml,pallets/hermes-governance-platform/Cargo.toml,2025-09-13T21:53:13+07:00,2025-09-13T21:53:13+07:00,1,1,1,0.00,
pallets/hermes-governance-platform/src/mock.rs,pallets/hermes-governance-platform/src/mock.rs,2024-10-16T21:31:30+08:00,2025-01-23T12:10:57+03:00,5,5,3,0.00,
pallets/hermes-governance-platform/src/weights.rs,pallets/hermes-governance-platform/src/weights.rs,2024-08-23T16:29:22+03:00,2025-02-19T10:18:26+03:00,6,6,1,0.00,
pallets/iroha-migration/Cargo.toml,pallets/iroha-migration/Cargo.toml,2025-09-13T21:53:13+07:00,2025-09-13T21:53:13+07:00,1,1,1,0.00,
pallets/iroha-migration/src/lib.rs,pallets/iroha-migration/src/lib.rs,2026-02-15T13:30:13+04:00,2026-02-15T13:30:13+04:00,1,1,1,0.00,
pallets/iroha-migration/src/mock.rs,pallets/iroha-migration/src/mock.rs,2024-10-29T13:42:14+04:00,2026-02-15T13:30:13+04:00,5,5,3,0.00,
pallets/iroha-migration/src/tests.rs,pallets/iroha-migration/src/tests.rs,2026-02-15T13:30:13+04:00,2026-02-15T13:30:13+04:00,1,1,1,0.00,
pallets/iroha-migration/src/weights.rs,pallets/iroha-migration/src/weights.rs,2024-08-23T16:29:22+03:00,2025-02-19T10:18:26+03:00,6,6,1,0.00,
pallets/kensetsu/Cargo.toml,pallets/kensetsu/Cargo.toml,2025-09-13T21:53:13+07:00,2025-09-13T21:53:13+07:00,1,1,1,0.00,
pallets/kensetsu/benchmarking/src/lib.rs,pallets/kensetsu/benchmarking/src/lib.rs,2024-08-28T02:35:03+03:00,2024-09-19T17:52:05+07:00,2,2,2,0.00,
pallets/kensetsu/src/lib.rs,pallets/kensetsu/src/lib.rs,2024-08-22T13:29:16+03:00,2025-03-26T22:03:34+03:00,8,8,3,0.00,
pallets/kensetsu/src/migrations.rs,pallets/kensetsu/src/migrations.rs,2024-08-22T13:29:16+03:00,2024-11-20T18:07:37+07:00,4,4,2,0.00,
pallets/kensetsu/src/mock.rs,pallets/kensetsu/src/mock.rs,2024-08-22T13:29:16+03:00,2025-01-23T12:10:57+03:00,6,6,4,0.00,
pallets/kensetsu/src/test_utils.rs,pallets/kensetsu/src/test_utils.rs,2024-08-22T13:29:16+03:00,2024-08-22T13:29:16+03:00,1,1,1,0.00,
pallets/kensetsu/src/tests.rs,pallets/kensetsu/src/tests.rs,2024-08-22T13:29:16+03:00,2024-11-20T07:21:33+03:00,4,4,1,0.00,
pallets/kensetsu/src/weights.rs,pallets/kensetsu/src/weights.rs,2024-08-23T16:29:22+03:00,2025-02-19T10:18:26+03:00,7,7,2,0.00,
pallets/liquidity-proxy/Cargo.toml,pallets/liquidity-proxy/Cargo.toml,2024-09-17T12:38:02+03:00,2025-09-13T21:53:13+07:00,3,3,2,0.00,
pallets/liquidity-proxy/benchmarking/Cargo.toml,pallets/liquidity-proxy/benchmarking/Cargo.toml,2024-09-17T12:38:02+03:00,2025-09-13T21:53:13+07:00,3,3,2,0.00,
pallets/liquidity-proxy/benchmarking/src/lib.rs,pallets/liquidity-proxy/benchmarking/src/lib.rs,2024-09-09T14:15:03+03:00,2024-09-09T14:15:03+03:00,1,1,1,0.00,
pallets/liquidity-proxy/benchmarking/src/mock.rs,pallets/liquidity-proxy/benchmarking/src/mock.rs,2024-09-30T07:05:28+03:00,2025-01-23T12:10:57+03:00,6,6,4,0.00,
pallets/liquidity-proxy/rpc/Cargo.toml,pallets/liquidity-proxy/rpc/Cargo.toml,2024-09-17T12:38:02+03:00,2024-09-27T16:53:58+03:00,2,2,1,0.00,
pallets/liquidity-proxy/runtime-api/Cargo.toml,pallets/liquidity-proxy/runtime-api/Cargo.toml,2024-09-17T12:38:02+03:00,2024-09-27T16:53:58+03:00,2,2,1,0.00,
pallets/liquidity-proxy/src/alt_test_utils.rs,pallets/liquidity-proxy/src/alt_test_utils.rs,2024-09-17T12:38:02+03:00,2024-12-09T17:45:48+03:00,3,3,1,0.00,
pallets/liquidity-proxy/src/alt_tests.rs,pallets/liquidity-proxy/src/alt_tests.rs,2024-09-17T12:38:02+03:00,2024-12-04T16:51:43+07:00,3,3,2,0.00,
pallets/liquidity-proxy/src/lib.rs,pallets/liquidity-proxy/src/lib.rs,2024-09-09T14:15:03+03:00,2025-03-11T15:19:01+03:00,4,4,2,0.00,
pallets/liquidity-proxy/src/liquidity_aggregator/aggregation.rs,pallets/liquidity-proxy/src/liquidity_aggregator/aggregation.rs,2024-09-17T12:38:02+03:00,2024-09-27T16:53:58+03:00,2,2,1,0.00,
pallets/liquidity-proxy/src/liquidity_aggregator/aggregation_result.rs,pallets/liquidity-proxy/src/liquidity_aggregator/aggregation_result.rs,2024-09-17T12:38:02+03:00,2024-09-27T16:53:58+03:00,2,2,1,0.00,
pallets/liquidity-proxy/src/liquidity_aggregator/liquidity_aggregator.rs,pallets/liquidity-proxy/src/liquidity_aggregator/liquidity_aggregator.rs,2024-09-17T12:38:02+03:00,2024-09-27T16:53:58+03:00,2,2,1,0.00,
pallets/liquidity-proxy/src/liquidity_aggregator/mod.rs,pallets/liquidity-proxy/src/liquidity_aggregator/mod.rs,2024-09-17T12:38:02+03:00,2024-09-27T16:53:58+03:00,2,2,1,0.00,
pallets/liquidity-proxy/src/liquidity_aggregator/selector.rs,pallets/liquidity-proxy/src/liquidity_aggregator/selector.rs,2024-09-17T12:38:02+03:00,2024-09-27T16:53:58+03:00,2,2,1,0.00,
pallets/liquidity-proxy/src/liquidity_aggregator/tests.rs,pallets/liquidity-proxy/src/liquidity_aggregator/tests.rs,2024-09-17T12:38:02+03:00,2024-09-27T16:53:58+03:00,2,2,1,0.00,
pallets/liquidity-proxy/src/mock.rs,pallets/liquidity-proxy/src/mock.rs,2024-09-30T07:05:28+03:00,2025-03-11T15:19:01+03:00,7,7,4,0.00,
pallets/liquidity-proxy/src/tests.rs,pallets/liquidity-proxy/src/tests.rs,2024-09-09T14:15:03+03:00,2024-12-04T16:51:43+07:00,4,4,2,0.00,
pallets/liquidity-proxy/src/weights.rs,pallets/liquidity-proxy/src/weights.rs,2024-08-23T16:29:22+03:00,2025-02-19T10:18:26+03:00,7,7,2,0.00,
pallets/mock-liquidity-source/Cargo.toml,pallets/mock-liquidity-source/Cargo.toml,2025-09-13T21:53:13+07:00,2025-09-13T21:53:13+07:00,1,1,1,0.00,
pallets/mock-liquidity-source/src/mock.rs,pallets/mock-liquidity-source/src/mock.rs,2024-10-29T13:42:14+04:00,2024-11-11T12:06:45+04:00,3,3,1,0.00,
pallets/multicollateral-bonding-curve-pool/Cargo.toml,pallets/multicollateral-bonding-curve-pool/Cargo.toml,2025-09-13T21:53:13+07:00,2025-09-13T21:53:13+07:00,1,1,1,0.00,
pallets/multicollateral-bonding-curve-pool/src/benchmarking.rs,pallets/multicollateral-bonding-curve-pool/src/benchmarking.rs,2024-09-19T17:52:05+07:00,2024-09-19T17:52:05+07:00,1,1,1,0.00,
pallets/multicollateral-bonding-curve-pool/src/lib.rs,pallets/multicollateral-bonding-curve-pool/src/lib.rs,2024-11-18T19:53:59+07:00,2025-03-26T22:03:34+03:00,4,4,2,0.00,
pallets/multicollateral-bonding-curve-pool/src/mock.rs,pallets/multicollateral-bonding-curve-pool/src/mock.rs,2024-10-16T21:31:30+08:00,2025-03-11T15:19:01+03:00,7,7,4,0.00,
pallets/multicollateral-bonding-curve-pool/src/tests.rs,pallets/multicollateral-bonding-curve-pool/src/tests.rs,2024-11-18T19:53:59+07:00,2025-03-11T15:19:01+03:00,3,3,2,0.00,
pallets/multicollateral-bonding-curve-pool/src/weights.rs,pallets/multicollateral-bonding-curve-pool/src/weights.rs,2024-08-23T16:29:22+03:00,2025-02-19T10:18:26+03:00,6,6,1,0.00,
pallets/oracle-proxy/src/mock.rs,pallets/oracle-proxy/src/mock.rs,2024-10-29T13:42:14+04:00,2024-11-11T12:06:45+04:00,3,3,1,0.00,
pallets/oracle-proxy/src/tests.rs,pallets/oracle-proxy/src/tests.rs,2024-10-29T13:42:14+04:00,2024-10-29T13:42:14+04:00,1,1,1,0.00,
pallets/oracle-proxy/src/weights.rs,pallets/oracle-proxy/src/weights.rs,2024-08-23T16:29:22+03:00,2025-02-19T10:18:26+03:00,6,6,1,0.00,
pallets/order-book/Cargo.toml,pallets/order-book/Cargo.toml,2024-09-17T12:38:02+03:00,2025-09-13T21:53:13+07:00,4,4,2,0.00,
pallets/order-book/benchmarking/src/lib.rs,pallets/order-book/benchmarking/src/lib.rs,2024-12-09T17:45:48+03:00,2024-12-09T17:45:48+03:00,1,1,1,0.00,
pallets/order-book/benchmarking/src/periphery/mod.rs,pallets/order-book/benchmarking/src/periphery/mod.rs,2024-12-09T17:45:48+03:00,2024-12-09T17:45:48+03:00,1,1,1,0.00,
pallets/order-book/benchmarking/src/periphery/preparation.rs,pallets/order-book/benchmarking/src/periphery/preparation.rs,2024-12-09T17:45:48+03:00,2024-12-09T17:45:48+03:00,1,1,1,0.00,
pallets/order-book/src/cache_data_layer.rs,pallets/order-book/src/cache_data_layer.rs,2024-12-09T17:45:48+03:00,2024-12-09T17:45:48+03:00,1,1,1,0.00,
pallets/order-book/src/lib.rs,pallets/order-book/src/lib.rs,2024-08-23T21:52:12+07:00,2025-03-26T22:03:34+03:00,6,6,3,0.00,
pallets/order-book/src/market_order.rs,pallets/order-book/src/market_order.rs,2024-12-09T17:45:48+03:00,2024-12-09T17:45:48+03:00,1,1,1,0.00,
pallets/order-book/src/order_book.rs,pallets/order-book/src/order_book.rs,2024-12-09T17:45:48+03:00,2024-12-09T17:45:48+03:00,1,1,1,0.00,
pallets/order-book/src/scheduler.rs,pallets/order-book/src/scheduler.rs,2024-12-09T17:45:48+03:00,2024-12-09T17:45:48+03:00,1,1,1,0.00,
pallets/order-book/src/storage_data_layer.rs,pallets/order-book/src/storage_data_layer.rs,2024-12-09T17:45:48+03:00,2024-12-09T17:45:48+03:00,1,1,1,0.00,
pallets/order-book/src/test_utils/fill_tools.rs,pallets/order-book/src/test_utils/fill_tools.rs,2024-12-09T17:45:48+03:00,2024-12-09T17:45:48+03:00,1,1,1,0.00,
pallets/order-book/src/test_utils/mod.rs,pallets/order-book/src/test_utils/mod.rs,2024-12-09T17:45:48+03:00,2024-12-09T17:45:48+03:00,1,1,1,0.00,
pallets/order-book/src/test_utils/print_tools.rs,pallets/order-book/src/test_utils/print_tools.rs,2024-12-09T17:45:48+03:00,2024-12-09T17:45:48+03:00,1,1,1,0.00,
pallets/order-book/src/tests/data_layer.rs,pallets/order-book/src/tests/data_layer.rs,2024-12-09T17:45:48+03:00,2024-12-09T17:45:48+03:00,1,1,1,0.00,
pallets/order-book/src/tests/extrinsics.rs,pallets/order-book/src/tests/extrinsics.rs,2024-08-23T21:52:12+07:00,2025-01-23T12:10:57+03:00,5,5,2,0.00,
pallets/order-book/src/tests/order_book.rs,pallets/order-book/src/tests/order_book.rs,2024-12-09T17:45:48+03:00,2025-01-23T12:10:57+03:00,2,2,1,0.00,
pallets/order-book/src/tests/orders.rs,pallets/order-book/src/tests/orders.rs,2024-12-09T17:45:48+03:00,2024-12-09T17:45:48+03:00,1,1,1,0.00,
pallets/order-book/src/tests/pallet.rs,pallets/order-book/src/tests/pallet.rs,2024-12-09T17:45:48+03:00,2025-01-23T12:10:57+03:00,2,2,1,0.00,
pallets/order-book/src/tests/types.rs,pallets/order-book/src/tests/types.rs,2024-12-09T17:45:48+03:00,2025-01-23T12:10:57+03:00,2,2,1,0.00,
pallets/order-book/src/traits.rs,pallets/order-book/src/traits.rs,2024-12-09T17:45:48+03:00,2025-01-23T12:10:57+03:00,2,2,1,0.00,
pallets/order-book/src/types.rs,pallets/order-book/src/types.rs,2024-12-09T17:45:48+03:00,2025-01-23T12:10:57+03:00,2,2,1,0.00,
pallets/order-book/src/weights.rs,pallets/order-book/src/weights.rs,2024-08-23T16:29:22+03:00,2025-02-19T10:18:26+03:00,6,6,1,0.00,
pallets/permissions/Cargo.toml,pallets/permissions/Cargo.toml,2026-02-15T13:30:13+04:00,2026-02-15T13:30:13+04:00,1,1,1,0.00,
pallets/permissions/src/lib.rs,pallets/permissions/src/lib.rs,2026-02-15T13:30:13+04:00,2026-02-15T13:30:13+04:00,1,1,1,0.00,
pallets/permissions/src/mock.rs,pallets/permissions/src/mock.rs,2024-10-29T13:42:14+04:00,2026-02-15T13:30:13+04:00,4,4,2,0.00,
pallets/permissions/src/tests.rs,pallets/permissions/src/tests.rs,2026-02-15T13:30:13+04:00,2026-02-15T13:30:13+04:00,1,1,1,0.00,
pallets/pool-xyk/Cargo.toml,pallets/pool-xyk/Cargo.toml,2025-09-13T21:53:13+07:00,2025-09-13T21:53:13+07:00,1,1,1,0.00,
pallets/pool-xyk/benchmarking/Cargo.toml,pallets/pool-xyk/benchmarking/Cargo.toml,2025-09-13T21:53:13+07:00,2025-09-13T21:53:13+07:00,1,1,1,0.00,
pallets/pool-xyk/benchmarking/src/lib.rs,pallets/pool-xyk/benchmarking/src/lib.rs,2024-12-04T16:51:43+07:00,2024-12-04T16:51:43+07:00,1,1,1,0.00,
pallets/pool-xyk/benchmarking/src/mock.rs,pallets/pool-xyk/benchmarking/src/mock.rs,2024-10-16T21:31:30+08:00,2024-11-11T12:06:45+04:00,4,4,2,0.00,
pallets/pool-xyk/src/action_deposit_liquidity.rs,pallets/pool-xyk/src/action_deposit_liquidity.rs,2025-02-14T18:55:07+03:00,2025-02-14T18:55:07+03:00,1,1,1,0.00,
pallets/pool-xyk/src/action_pair_swap.rs,pallets/pool-xyk/src/action_pair_swap.rs,2024-10-08T22:20:55+03:00,2025-02-14T18:55:07+03:00,2,2,2,0.00,
pallets/pool-xyk/src/action_withdraw_liquidity.rs,pallets/pool-xyk/src/action_withdraw_liquidity.rs,2025-02-14T18:55:07+03:00,2025-02-14T18:55:07+03:00,1,1,1,0.00,
pallets/pool-xyk/src/lib.rs,pallets/pool-xyk/src/lib.rs,2024-10-08T22:20:55+03:00,2025-03-26T22:03:34+03:00,5,5,2,0.00,
pallets/pool-xyk/src/macros.rs,pallets/pool-xyk/src/macros.rs,2025-02-14T18:55:07+03:00,2025-02-14T18:55:07+03:00,1,1,1,0.00,
pallets/pool-xyk/src/math.rs,pallets/pool-xyk/src/math.rs,2025-02-14T18:55:07+03:00,2025-03-11T15:19:01+03:00,2,2,1,0.00,
pallets/pool-xyk/src/mock.rs,pallets/pool-xyk/src/mock.rs,2024-10-16T21:31:30+08:00,2025-03-11T15:19:01+03:00,7,7,4,0.00,
pallets/pool-xyk/src/tests.rs,pallets/pool-xyk/src/tests.rs,2024-12-04T16:51:43+07:00,2025-02-14T18:55:07+03:00,2,2,2,0.00,
pallets/pool-xyk/src/utils.rs,pallets/pool-xyk/src/utils.rs,2024-10-31T01:23:24+07:00,2025-03-26T22:03:34+03:00,3,3,2,0.00,
pallets/pool-xyk/src/weights.rs,pallets/pool-xyk/src/weights.rs,2024-08-23T16:29:22+03:00,2025-02-19T10:18:26+03:00,6,6,1,0.00,
pallets/presto/Cargo.toml,pallets/presto/Cargo.toml,2024-11-28T23:13:40+03:00,2025-09-13T21:53:13+07:00,7,7,2,0.00,
pallets/presto/crop_receipt_template.json,pallets/presto/crop_receipt_template.json,2024-12-02T22:54:33+03:00,2024-12-02T22:54:33+03:00,1,1,1,0.00,
pallets/presto/src/benchmarking.rs,pallets/presto/src/benchmarking.rs,2024-12-11T16:15:48+03:00,2025-03-02T00:58:12+03:00,5,5,2,0.00,
pallets/presto/src/coupon_info.rs,pallets/presto/src/coupon_info.rs,2025-02-14T16:16:09+03:00,2025-02-14T16:16:09+03:00,1,1,1,0.00,
pallets/presto/src/crop_receipt.rs,pallets/presto/src/crop_receipt.rs,2024-11-28T23:13:40+03:00,2025-03-02T00:58:12+03:00,10,10,2,0.00,
pallets/presto/src/lib.rs,pallets/presto/src/lib.rs,2024-11-28T23:13:40+03:00,2025-02-21T20:20:55+03:00,10,10,1,0.00,
pallets/presto/src/mock.rs,pallets/presto/src/mock.rs,2024-11-28T23:13:40+03:00,2025-03-02T00:58:12+03:00,6,6,1,0.00,
pallets/presto/src/requests.rs,pallets/presto/src/requests.rs,2024-11-28T23:13:40+03:00,2025-02-14T16:16:09+03:00,3,3,1,0.00,
pallets/presto/src/test.rs,pallets/presto/src/test.rs,2024-11-28T23:13:40+03:00,2025-03-02T00:58:12+03:00,10,10,1,0.00,
pallets/presto/src/treasury.rs,pallets/presto/src/treasury.rs,2024-11-28T23:13:40+03:00,2025-02-14T16:16:09+03:00,3,3,1,0.00,
pallets/presto/src/weights.rs,pallets/presto/src/weights.rs,2024-11-28T23:13:40+03:00,2025-02-14T16:16:09+03:00,5,5,1,0.00,
pallets/price-tools/Cargo.toml,pallets/price-tools/Cargo.toml,2025-09-13T21:53:13+07:00,2025-09-13T21:53:13+07:00,1,1,1,0.00,
pallets/price-tools/src/benchmarking.rs,pallets/price-tools/src/benchmarking.rs,2024-09-19T17:52:05+07:00,2024-09-19T17:52:05+07:00,1,1,1,0.00,
pallets/price-tools/src/lib.rs,pallets/price-tools/src/lib.rs,2024-09-19T17:52:05+07:00,2025-04-03T12:38:25+07:00,4,4,2,0.00,
pallets/price-tools/src/migration.rs,pallets/price-tools/src/migration.rs,2024-09-19T17:52:05+07:00,2024-09-19T17:52:05+07:00,1,1,1,0.00,
pallets/price-tools/src/migrations/mod.rs,pallets/price-tools/src/migrations/mod.rs,2024-09-19T17:52:05+07:00,2024-09-19T17:52:05+07:00,1,1,1,0.00,
pallets/price-tools/src/migrations/v2.rs,pallets/price-tools/src/migrations/v2.rs,2024-09-19T17:52:05+07:00,2024-09-19T17:52:05+07:00,1,1,1,0.00,
pallets/price-tools/src/migrations/v3.rs,pallets/price-tools/src/migrations/v3.rs,2024-09-19T17:52:05+07:00,2024-09-24T15:43:49+07:00,3,3,1,0.00,
pallets/price-tools/src/mock.rs,pallets/price-tools/src/mock.rs,2024-10-16T21:31:30+08:00,2025-01-23T12:10:57+03:00,5,5,3,0.00,
pallets/price-tools/src/tests.rs,pallets/price-tools/src/tests.rs,2024-09-19T17:52:05+07:00,2024-09-19T17:52:05+07:00,1,1,1,0.00,
pallets/price-tools/src/weights.rs,pallets/price-tools/src/weights.rs,2024-08-23T16:29:22+03:00,2025-02-19T10:18:26+03:00,6,6,1,0.00,
pallets/pswap-distribution/Cargo.toml,pallets/pswap-distribution/Cargo.toml,2025-09-13T21:53:13+07:00,2025-09-13T21:53:13+07:00,1,1,1,0.00,
pallets/pswap-distribution/benchmarking/Cargo.toml,pallets/pswap-distribution/benchmarking/Cargo.toml,2025-09-13T21:53:13+07:00,2025-09-13T21:53:13+07:00,1,1,1,0.00,
pallets/pswap-distribution/benchmarking/src/mock.rs,pallets/pswap-distribution/benchmarking/src/mock.rs,2024-10-16T21:31:30+08:00,2025-01-23T12:10:57+03:00,5,5,3,0.00,
pallets/pswap-distribution/src/lib.rs,pallets/pswap-distribution/src/lib.rs,2024-10-16T21:31:30+08:00,2024-11-19T12:33:07+07:00,2,2,1,0.00,
pallets/pswap-distribution/src/mock.rs,pallets/pswap-distribution/src/mock.rs,2024-10-16T21:31:30+08:00,2025-01-23T12:10:57+03:00,5,5,3,0.00,
pallets/pswap-distribution/src/tests.rs,pallets/pswap-distribution/src/tests.rs,2024-10-16T21:31:30+08:00,2024-11-19T12:33:07+07:00,2,2,1,0.00,
pallets/pswap-distribution/src/weights.rs,pallets/pswap-distribution/src/weights.rs,2024-08-23T16:29:22+03:00,2024-10-04T20:56:47+03:00,3,3,1,0.00,
pallets/qa-tools/Cargo.toml,pallets/qa-tools/Cargo.toml,2024-11-28T23:13:40+03:00,2025-02-12T13:23:38+03:00,4,4,1,0.00,
pallets/qa-tools/src/lib.rs,pallets/qa-tools/src/lib.rs,2024-11-28T23:13:40+03:00,2025-02-12T13:23:38+03:00,5,5,1,0.00,
pallets/qa-tools/src/pallet_tools/liquidity_proxy.rs,pallets/qa-tools/src/pallet_tools/liquidity_proxy.rs,2024-12-09T17:45:48+03:00,2024-12-09T17:45:48+03:00,1,1,1,0.00,
pallets/qa-tools/src/pallet_tools/mod.rs,pallets/qa-tools/src/pallet_tools/mod.rs,2024-11-28T23:13:40+03:00,2024-11-28T23:13:40+03:00,1,1,1,0.00,
pallets/qa-tools/src/pallet_tools/order_book.rs,pallets/qa-tools/src/pallet_tools/order_book.rs,2024-12-09T17:45:48+03:00,2024-12-09T17:45:48+03:00,1,1,1,0.00,
pallets/qa-tools/src/pallet_tools/presto.rs,pallets/qa-tools/src/pallet_tools/presto.rs,2024-11-28T23:13:40+03:00,2025-02-17T12:15:09+03:00,6,6,1,0.00,
pallets/qa-tools/src/pallet_tools/price_tools.rs,pallets/qa-tools/src/pallet_tools/price_tools.rs,2024-09-19T17:52:05+07:00,2024-09-19T17:52:05+07:00,1,1,1,0.00,
pallets/qa-tools/src/tests/mcbc.rs,pallets/qa-tools/src/tests/mcbc.rs,2024-09-19T17:52:05+07:00,2024-09-19T17:52:05+07:00,1,1,1,0.00,
pallets/qa-tools/src/tests/order_book.rs,pallets/qa-tools/src/tests/order_book.rs,2024-12-09T17:45:48+03:00,2024-12-09T17:45:48+03:00,1,1,1,0.00,
pallets/qa-tools/src/tests/price_tools.rs,pallets/qa-tools/src/tests/price_tools.rs,2024-09-19T17:52:05+07:00,2024-09-19T17:52:05+07:00,1,1,1,0.00,
pallets/qa-tools/src/tests/xst.rs,pallets/qa-tools/src/tests/xst.rs,2024-09-19T17:52:05+07:00,2024-09-19T17:52:05+07:00,1,1,1,0.00,
pallets/qa-tools/src/weights.rs,pallets/qa-tools/src/weights.rs,2024-11-28T23:13:40+03:00,2025-02-12T13:23:38+03:00,2,2,1,0.00,
pallets/referrals/Cargo.toml,pallets/referrals/Cargo.toml,2025-09-13T21:53:13+07:00,2025-09-13T21:53:13+07:00,1,1,1,0.00,
pallets/referrals/src/lib.rs,pallets/referrals/src/lib.rs,2025-03-26T22:03:34+03:00,2025-03-26T22:03:34+03:00,1,1,1,0.00,
pallets/referrals/src/mock.rs,pallets/referrals/src/mock.rs,2024-10-29T13:42:14+04:00,2025-01-23T12:10:57+03:00,4,4,2,0.00,
pallets/referrals/src/weights.rs,pallets/referrals/src/weights.rs,2024-08-23T16:29:22+03:00,2025-02-19T10:18:26+03:00,6,6,1,0.00,
pallets/rewards/Cargo.toml,pallets/rewards/Cargo.toml,2025-09-13T21:53:13+07:00,2025-09-13T21:53:13+07:00,1,1,1,0.00,
pallets/rewards/src/mock.rs,pallets/rewards/src/mock.rs,2024-10-29T13:42:14+04:00,2025-01-23T12:10:57+03:00,4,4,2,0.00,
pallets/rewards/src/weights.rs,pallets/rewards/src/weights.rs,2024-08-23T16:29:22+03:00,2025-02-19T10:18:26+03:00,6,6,1,0.00,
pallets/sccp/Cargo.toml,pallets/sccp/Cargo.toml,2026-02-15T13:30:13+04:00,2026-02-15T13:30:13+04:00,1,1,1,0.00,
pallets/sccp/src/evm_proof.rs,pallets/sccp/src/evm_proof.rs,2026-02-15T13:30:13+04:00,2026-02-15T13:30:13+04:00,1,1,1,0.00,
pallets/sccp/src/fixtures/bsc_header_81094034.rlp,pallets/sccp/src/fixtures/bsc_header_81094034.rlp,2026-02-15T13:30:13+04:00,2026-02-15T13:30:13+04:00,1,1,1,0.00,
pallets/sccp/src/lib.rs,pallets/sccp/src/lib.rs,2026-02-15T13:30:13+04:00,2026-02-16T09:57:29+04:00,2,2,1,0.00,
pallets/sccp/src/mock.rs,pallets/sccp/src/mock.rs,2026-02-15T13:30:13+04:00,2026-02-16T09:57:29+04:00,2,2,1,0.00,
pallets/sccp/src/tests.rs,pallets/sccp/src/tests.rs,2026-02-15T13:30:13+04:00,2026-02-16T09:57:29+04:00,2,2,1,0.00,
pallets/sccp/src/tron_proof.rs,pallets/sccp/src/tron_proof.rs,2026-02-15T13:30:13+04:00,2026-02-15T13:30:13+04:00,1,1,1,0.00,
pallets/sccp/src/weights.rs,pallets/sccp/src/weights.rs,2026-02-15T13:30:13+04:00,2026-02-15T13:30:13+04:00,1,1,1,0.00,
pallets/soratopia/Cargo.toml,pallets/soratopia/Cargo.toml,2025-09-13T21:53:13+07:00,2025-09-13T21:53:13+07:00,1,1,1,0.00,
pallets/soratopia/src/lib.rs,pallets/soratopia/src/lib.rs,2024-11-12T17:01:53+03:00,2024-11-12T17:01:53+03:00,1,1,1,0.00,
pallets/soratopia/src/mock.rs,pallets/soratopia/src/mock.rs,2024-10-29T13:42:14+04:00,2024-11-11T12:06:45+04:00,3,3,1,0.00,
pallets/soratopia/src/weights.rs,pallets/soratopia/src/weights.rs,2024-12-20T13:00:34+03:00,2025-02-19T10:18:26+03:00,2,2,1,0.00,
pallets/technical/Cargo.toml,pallets/technical/Cargo.toml,2025-09-13T21:53:13+07:00,2025-09-13T21:53:13+07:00,1,1,1,0.00,
pallets/technical/src/mock.rs,pallets/technical/src/mock.rs,2024-10-29T13:42:14+04:00,2024-11-11T12:06:45+04:00,3,3,1,0.00,
pallets/trading-pair/Cargo.toml,pallets/trading-pair/Cargo.toml,2025-09-13T21:53:13+07:00,2025-09-13T21:53:13+07:00,1,1,1,0.00,
pallets/trading-pair/src/mock.rs,pallets/trading-pair/src/mock.rs,2024-10-08T22:20:55+03:00,2025-01-23T12:10:57+03:00,6,6,2,0.00,
pallets/trading-pair/src/tests.rs,pallets/trading-pair/src/tests.rs,2024-10-08T22:20:55+03:00,2024-10-08T22:20:55+03:00,1,1,1,0.00,
pallets/trading-pair/src/weights.rs,pallets/trading-pair/src/weights.rs,2024-08-23T16:29:22+03:00,2025-02-19T10:18:26+03:00,6,6,1,0.00,
pallets/vested-rewards/Cargo.toml,pallets/vested-rewards/Cargo.toml,2024-09-30T07:05:28+03:00,2025-09-13T21:53:13+07:00,2,2,2,0.00,
pallets/vested-rewards/src/benchmarking.rs,pallets/vested-rewards/src/benchmarking.rs,2024-09-30T07:05:28+03:00,2024-10-25T17:05:41+03:00,7,7,1,0.00,
pallets/vested-rewards/src/lib.rs,pallets/vested-rewards/src/lib.rs,2024-09-30T07:05:28+03:00,2025-03-26T22:03:34+03:00,9,9,1,0.00,
pallets/vested-rewards/src/mock.rs,pallets/vested-rewards/src/mock.rs,2024-09-30T07:05:28+03:00,2025-01-23T12:10:57+03:00,8,8,4,0.00,
pallets/vested-rewards/src/tests.rs,pallets/vested-rewards/src/tests.rs,2024-09-30T07:05:28+03:00,2024-12-09T09:16:07+03:00,9,9,1,0.00,
pallets/vested-rewards/src/vesting_currencies.rs,pallets/vested-rewards/src/vesting_currencies.rs,2024-09-30T07:05:28+03:00,2024-10-16T08:26:53+03:00,6,6,1,0.00,
pallets/vested-rewards/src/weights.rs,pallets/vested-rewards/src/weights.rs,2024-08-23T16:29:22+03:00,2025-02-19T10:18:26+03:00,9,9,2,0.00,
pallets/xor-fee/Cargo.toml,pallets/xor-fee/Cargo.toml,2024-12-05T09:09:26+03:00,2025-09-13T21:53:13+07:00,2,2,2,0.00,
pallets/xor-fee/src/benchmarking.rs,pallets/xor-fee/src/benchmarking.rs,2024-12-05T09:09:26+03:00,2025-04-01T02:42:15+07:00,5,5,3,0.00,
pallets/xor-fee/src/lib.rs,pallets/xor-fee/src/lib.rs,2024-09-25T20:23:24+07:00,2025-10-22T01:12:55+04:00,11,11,4,0.00,
pallets/xor-fee/src/migrations.rs,pallets/xor-fee/src/migrations.rs,2024-11-19T12:33:07+07:00,2024-12-20T13:45:23+03:00,3,3,2,0.00,
pallets/xor-fee/src/mock.rs,pallets/xor-fee/src/mock.rs,2024-09-25T20:23:24+07:00,2026-02-12T15:01:52+04:00,11,11,5,0.00,
pallets/xor-fee/src/tests.rs,pallets/xor-fee/src/tests.rs,2024-12-05T09:09:26+03:00,2026-02-12T15:01:52+04:00,3,3,2,0.00,
pallets/xor-fee/src/weights.rs,pallets/xor-fee/src/weights.rs,2024-08-23T16:29:22+03:00,2025-03-20T09:16:57+03:00,9,9,3,0.00,
pallets/xst/Cargo.toml,pallets/xst/Cargo.toml,2025-09-13T21:53:13+07:00,2025-09-13T21:53:13+07:00,1,1,1,0.00,
pallets/xst/benchmarking/Cargo.toml,pallets/xst/benchmarking/Cargo.toml,2025-09-13T21:53:13+07:00,2025-09-13T21:53:13+07:00,1,1,1,0.00,
pallets/xst/benchmarking/src/lib.rs,pallets/xst/benchmarking/src/lib.rs,2024-09-19T17:52:05+07:00,2024-09-19T17:52:05+07:00,1,1,1,0.00,
pallets/xst/benchmarking/src/mock.rs,pallets/xst/benchmarking/src/mock.rs,2024-10-16T21:31:30+08:00,2025-01-23T12:10:57+03:00,5,5,3,0.00,
pallets/xst/src/lib.rs,pallets/xst/src/lib.rs,2025-03-11T15:19:01+03:00,2025-03-11T15:19:01+03:00,1,1,1,0.00,
pallets/xst/src/mock.rs,pallets/xst/src/mock.rs,2024-09-19T17:52:05+07:00,2025-01-23T12:10:57+03:00,6,6,3,0.00,
pallets/xst/src/tests.rs,pallets/xst/src/tests.rs,2024-09-19T17:52:05+07:00,2025-03-11T15:19:01+03:00,2,2,2,0.00,
pallets/xst/src/weights.rs,pallets/xst/src/weights.rs,2024-08-23T16:29:22+03:00,2025-02-19T10:18:26+03:00,6,6,1,0.00,
roadmap.md,roadmap.md,2026-02-16T09:57:29+04:00,2026-02-17T13:35:34+04:00,2,2,1,0.00,
runtime/Cargo.toml,runtime/Cargo.toml,2024-08-23T21:52:12+07:00,2026-02-16T09:57:29+04:00,32,32,5,0.00,
runtime/build.rs,runtime/build.rs,2026-02-12T15:01:52+04:00,2026-02-12T15:01:52+04:00,1,1,1,0.00,
runtime/src/impls.rs,runtime/src/impls.rs,2024-10-22T17:13:17+07:00,2025-03-26T22:03:34+03:00,3,3,2,0.00,
runtime/src/lib.rs,runtime/src/lib.rs,2024-08-22T13:29:16+03:00,2026-02-15T13:30:13+04:00,55,55,9,0.00,
runtime/src/migrations.rs,runtime/src/migrations.rs,2024-08-22T13:29:16+03:00,2025-02-17T02:42:58+07:00,18,18,5,0.00,
runtime/src/mock.rs,runtime/src/mock.rs,2024-09-19T17:52:05+07:00,2026-02-15T13:30:13+04:00,2,2,2,0.00,
runtime/src/tests/liquidity_proxy.rs,runtime/src/tests/liquidity_proxy.rs,2024-09-04T19:20:45+07:00,2024-09-04T19:20:45+07:00,1,1,1,0.00,
runtime/src/tests/mod.rs,runtime/src/tests/mod.rs,2026-02-15T13:30:13+04:00,2026-02-15T13:30:13+04:00,1,1,1,0.00,
runtime/src/tests/sccp_legacy_bridge_checker.rs,runtime/src/tests/sccp_legacy_bridge_checker.rs,2026-02-15T13:30:13+04:00,2026-02-15T13:30:13+04:00,1,1,1,0.00,
runtime/src/tests/sccp_runtime_integration.rs,runtime/src/tests/sccp_runtime_integration.rs,2026-02-15T13:30:13+04:00,2026-02-16T09:57:29+04:00,2,2,1,0.00,
runtime/src/tests/xor_fee.rs,runtime/src/tests/xor_fee.rs,2024-09-25T20:23:24+07:00,2025-10-22T01:12:55+04:00,13,13,4,0.00,
runtime/src/weights/parachain_bridge_app.rs,runtime/src/weights/parachain_bridge_app.rs,2024-09-17T21:38:14-03:00,2024-09-17T21:38:14-03:00,1,1,1,0.00,
runtime/src/xor_fee_impls.rs,runtime/src/xor_fee_impls.rs,2024-09-19T17:52:05+07:00,2025-08-07T18:57:30+09:00,10,10,3,0.00,
